{"Validation_Accuracy": 0.3458646616541353, "Precision Score": 0.30706890728901, "Recall Score": 0.32298363555948695, "F1 Score": 0.304077263620697}