{"Validation_Accuracy": 0.37593984962406013, "Precision Score": 0.363890423302188, "Recall Score": 0.3604573197700133, "F1 Score": 0.34860148688083237}