{"Best RMSE": 109.32314183326895, "Best R^2": 0.38167222683232804}