{"Best RMSE": 8120724.932860807, "Best R^2": -3411804561.5785723}