{"Best RMSE": 103.67984158904233, "Best R^2": 0.4438612003652048}