{"RMSE": {"train": 105.81790161132812, "validation": 109.55414581298828, "test": 91.85603332519531}, "R^2": {"train": 0.33040229378450836, "validation": 0.37905637291814953, "test": 0.40301855105004325}, "training_duration": 0.07569599151611328, "inference_latency": 2.651214599609375e-05}