{"Validation_Accuracy": 0.3308270676691729, "Precision Score": 0.3200800915331808, "Recall Score": 0.33350552852720033, "F1 Score": 0.3191720712317543}