{"Best RMSE": 115.19526283796158, "Best R^2": 0.3134632571824497}